<application>
  <component name="NodeJsLocalInterpreterManager">
    <local-interpreter path="$USER_HOME$/.nvm/versions/node/v22.17.0/bin/node">
      <version-cache version="22.17.0" last-modified="1750772601000" />
    </local-interpreter>
    <local-interpreter path="$USER_HOME$/.nvm/versions/node/v21.4.0/bin/node" />
    <local-interpreter path="$USER_HOME$/.nvm/versions/node/v19.0.0/bin/node" />
    <local-interpreter path="$USER_HOME$/.nvm/versions/node/v14.18.1/bin/node" />
  </component>
</application>