<application>
  <component name="Trusted.Paths">
    <option name="TRUSTED_PROJECT_PATHS">
      <map>
        <entry key="$USER_HOME$/Developer/cushon/employer-lead-service" value="true" />
        <entry key="$USER_HOME$/Developer/haerd/Haerd-API" value="true" />
        <entry key="$USER_HOME$/Developer/haerd/app" value="true" />
        <entry key="$USER_HOME$/Library/Caches/JetBrains/GoLand2025.1/demo/LearnGoProject" value="true" />
      </map>
    </option>
  </component>
  <component name="Trusted.Paths.Settings">
    <option name="TRUSTED_PATHS">
      <list>
        <option value="$USER_HOME$/Developer/cushon" />
        <option value="$USER_HOME$/Developer/haerd" />
      </list>
    </option>
  </component>
</application>