<application>
  <component name="DimensionService">
    <location key="find.popup.0.0.2560.1440" x="800" y="84" />
    <size key="GridCell.Tab.0.left.0.0.2560.1440" width="2494" height="434" />
    <size key="GridCell.Tab.0.center.0.0.2560.1440" width="2494" height="434" />
    <size key="GridCell.Tab.0.right.0.0.2560.1440" width="2494" height="434" />
    <size key="GridCell.Tab.0.bottom.0.0.2560.1440" width="2494" height="434" />
    <size key="GridCell.Tab.1.left.0.0.2560.1440" width="2494" height="434" />
    <size key="GridCell.Tab.1.center.0.0.2560.1440" width="2494" height="434" />
    <size key="GridCell.Tab.1.right.0.0.2560.1440" width="2494" height="434" />
    <size key="GridCell.Tab.1.bottom.0.0.2560.1440" width="2494" height="434" />
    <size key="find.popup.0.0.2560.1440" width="1121" height="838" />
  </component>
  <component name="WindowManager">
    <frame x="106" y="25" width="2560" height="1415" extendedState="6" />
  </component>
  <component name="WindowStateApplicationService">
    <state width="505" height="117" key="ShowUsagesActions.dimensionServiceKey" timestamp="1754092287810">
      <screen x="0" y="25" width="2560" height="1415" />
    </state>
    <state width="505" height="117" key="ShowUsagesActions.dimensionServiceKey/0.25.2560.1415/2560.-655.1440.2535" timestamp="1754092287810" />
  </component>
</application>