<application>
  <component name="NodeJsLocalInterpreterManager">
    <local-interpreter path="$USER_HOME$/.nvm/versions/node/v21.4.0/bin/node">
      <version-cache version="21.4.0" last-modified="1701760807000" />
    </local-interpreter>
    <local-interpreter path="$USER_HOME$/.nvm/versions/node/v19.0.0/bin/node">
      <version-cache version="19.0.0" last-modified="1666041342000" />
    </local-interpreter>
    <local-interpreter path="$USER_HOME$/.nvm/versions/node/v14.18.1/bin/node" />
  </component>
</application>