<application>
  <component name="Trusted.Paths">
    <option name="TRUSTED_PROJECT_PATHS">
      <map>
        <entry key="$USER_HOME$/Cushon/app" value="true" />
        <entry key="$USER_HOME$/Cushon/cyclops" value="true" />
        <entry key="$USER_HOME$/Cushon/site" value="true" />
      </map>
    </option>
  </component>
  <component name="Trusted.Paths.Settings">
    <option name="TRUSTED_PATHS">
      <list>
        <option value="$USER_HOME$/Cushon" />
      </list>
    </option>
  </component>
</application>