<application>
  <component name="DimensionService">
    <location key="find.popup.0.0.2560.1440" x="780" y="171" />
    <location key="find.popup.-1440.-628.1440.2560" x="581" y="160" />
    <location key="find.popup.0.0.3456.2234@192dpi" x="1054" y="298" />
    <size key="find.popup.0.0.2560.1440" width="1361" height="1010" />
    <size key="GridCell.Tab.0.left.0.0.2560.1440" width="2027" height="326" />
    <size key="GridCell.Tab.0.center.0.0.2560.1440" width="2027" height="326" />
    <size key="GridCell.Tab.0.right.0.0.2560.1440" width="2027" height="326" />
    <size key="GridCell.Tab.0.bottom.0.0.2560.1440" width="2027" height="326" />
    <size key="GridCell.Tab.1.left.0.0.2560.1440" width="2478" height="286" />
    <size key="GridCell.Tab.1.center.0.0.2560.1440" width="2478" height="286" />
    <size key="GridCell.Tab.1.right.0.0.2560.1440" width="2478" height="286" />
    <size key="GridCell.Tab.1.bottom.0.0.2560.1440" width="2478" height="286" />
    <size key="GridCell.Tab.2.left.0.0.2560.1440" width="2478" height="286" />
    <size key="GridCell.Tab.2.center.0.0.2560.1440" width="2478" height="286" />
    <size key="GridCell.Tab.2.right.0.0.2560.1440" width="2478" height="286" />
    <size key="GridCell.Tab.2.bottom.0.0.2560.1440" width="2478" height="286" />
    <size key="find.popup.-1440.-628.1440.2560" width="1195" height="836" />
    <size key="find.popup.0.0.3456.2234@192dpi" width="1838" height="1542" />
  </component>
  <component name="WindowManager">
    <frame x="0" y="15" width="2558" height="1415" extendedState="6" />
  </component>
  <component name="WindowStateApplicationService">
    <state width="700" height="231" key="ShowUsagesActions.dimensionServiceKey" timestamp="1737640739079">
      <screen x="0" y="25" width="2560" height="1415" />
    </state>
    <state width="700" height="231" key="ShowUsagesActions.dimensionServiceKey/-1440.-603.1440.2535/0.25.2560.1415" timestamp="1737640739079" />
    <state width="932" height="111" key="ShowUsagesActions.dimensionServiceKey/0.38.1728.1079" timestamp="1737633532306" />
  </component>
</application>